{
	"info": {
		"_postman_id": "66ee11bd-d24b-4313-a0cc-a5ce2419a8a6",
		"name": "SpringSecurity",
		"schema": "https://schema.getpostman.com/json/collection/v2.1.0/collection.json",
		"_exporter_id": "1599575"
	},
	"item": [
		{
			"name": "Section1",
			"item": [
				{
					"name": "GetWelcome_Request1",
					"request": {
						"auth": {
							"type": "noauth"
						},
						"method": "GET",
						"header": [],
						"url": {
							"raw": "/welcome",
							"path": [
								"welcome"
							]
						}
					},
					"response": []
				}
			],
			"auth": {
				"type": "noauth"
			},
			"event": [
				{
					"listen": "prerequest",
					"script": {
						"type": "text/javascript",
						"packages": {},
						"exec": [
							""
						]
					}
				},
				{
					"listen": "test",
					"script": {
						"type": "text/javascript",
						"packages": {},
						"exec": [
							""
						]
					}
				}
			]
		},
		{
			"name": "Section2",
			"item": [
				{
					"name": "myAccount",
					"request": {
						"auth": {
							"type": "basic",
							"basic": [
								{
									"key": "password",
									"value": "12345",
									"type": "string"
								},
								{
									"key": "username",
									"value": "eazybytes",
									"type": "string"
								}
							]
						},
						"method": "GET",
						"header": [],
						"url": {
							"raw": "/myAccount",
							"path": [
								"myAccount"
							]
						}
					},
					"response": []
				},
				{
					"name": "myBalance",
					"request": {
						"auth": {
							"type": "basic",
							"basic": [
								{
									"key": "username",
									"value": "eazybytes",
									"type": "string"
								},
								{
									"key": "password",
									"value": "12345",
									"type": "string"
								}
							]
						},
						"method": "GET",
						"header": [],
						"url": {
							"raw": "/myBalance",
							"path": [
								"myBalance"
							]
						}
					},
					"response": []
				},
				{
					"name": "myLoans",
					"request": {
						"auth": {
							"type": "basic",
							"basic": [
								{
									"key": "username",
									"value": "eazybytes",
									"type": "string"
								},
								{
									"key": "password",
									"value": "12345",
									"type": "string"
								}
							]
						},
						"method": "GET",
						"header": [],
						"url": {
							"raw": "/myLoans",
							"path": [
								"myLoans"
							]
						}
					},
					"response": []
				},
				{
					"name": "myCards",
					"request": {
						"auth": {
							"type": "basic",
							"basic": [
								{
									"key": "username",
									"value": "eazybytes",
									"type": "string"
								},
								{
									"key": "password",
									"value": "12345",
									"type": "string"
								}
							]
						},
						"method": "GET",
						"header": [],
						"url": {
							"raw": "/myCards",
							"path": [
								"myCards"
							]
						}
					},
					"response": []
				},
				{
					"name": "notices",
					"request": {
						"auth": {
							"type": "noauth"
						},
						"method": "GET",
						"header": [],
						"url": {
							"raw": "/notices",
							"path": [
								"notices"
							]
						}
					},
					"response": []
				},
				{
					"name": "contact",
					"request": {
						"auth": {
							"type": "noauth"
						},
						"method": "GET",
						"header": [],
						"url": {
							"raw": "/contact",
							"path": [
								"contact"
							]
						}
					},
					"response": []
				}
			],
			"auth": {
				"type": "noauth"
			},
			"event": [
				{
					"listen": "prerequest",
					"script": {
						"type": "text/javascript",
						"packages": {},
						"exec": [
							""
						]
					}
				},
				{
					"listen": "test",
					"script": {
						"type": "text/javascript",
						"packages": {},
						"exec": [
							""
						]
					}
				}
			]
		},
		{
			"name": "Section3",
			"item": [
				{
					"name": "myAccount",
					"request": {
						"auth": {
							"type": "basic",
							"basic": [
								{
									"key": "password",
									"value": "EazyBytes@12345",
									"type": "string"
								},
								{
									"key": "username",
									"value": "user",
									"type": "string"
								}
							]
						},
						"method": "GET",
						"header": [],
						"url": {
							"raw": "/myAccount",
							"path": [
								"myAccount"
							]
						}
					},
					"response": []
				},
				{
					"name": "myBalance",
					"request": {
						"auth": {
							"type": "basic",
							"basic": [
								{
									"key": "username",
									"value": "user",
									"type": "string"
								},
								{
									"key": "password",
									"value": "EazyBytes@12345",
									"type": "string"
								}
							]
						},
						"method": "GET",
						"header": [],
						"url": {
							"raw": "/myBalance",
							"path": [
								"myBalance"
							]
						}
					},
					"response": []
				},
				{
					"name": "myLoans",
					"request": {
						"auth": {
							"type": "basic",
							"basic": [
								{
									"key": "username",
									"value": "user",
									"type": "string"
								},
								{
									"key": "password",
									"value": "EazyBytes@12345",
									"type": "string"
								}
							]
						},
						"method": "GET",
						"header": [],
						"url": {
							"raw": "/myLoans",
							"path": [
								"myLoans"
							]
						}
					},
					"response": []
				},
				{
					"name": "myCards",
					"request": {
						"auth": {
							"type": "basic",
							"basic": [
								{
									"key": "username",
									"value": "user",
									"type": "string"
								},
								{
									"key": "password",
									"value": "EazyBytes@12345",
									"type": "string"
								}
							]
						},
						"method": "GET",
						"header": [],
						"url": {
							"raw": "/myCards",
							"path": [
								"myCards"
							]
						}
					},
					"response": []
				},
				{
					"name": "notices",
					"request": {
						"auth": {
							"type": "noauth"
						},
						"method": "GET",
						"header": [],
						"url": {
							"raw": "/notices",
							"path": [
								"notices"
							]
						}
					},
					"response": []
				},
				{
					"name": "contact",
					"request": {
						"auth": {
							"type": "noauth"
						},
						"method": "GET",
						"header": [],
						"url": {
							"raw": "/contact",
							"path": [
								"contact"
							]
						}
					},
					"response": []
				}
			],
			"auth": {
				"type": "noauth"
			},
			"event": [
				{
					"listen": "prerequest",
					"script": {
						"type": "text/javascript",
						"packages": {},
						"exec": [
							""
						]
					}
				},
				{
					"listen": "test",
					"script": {
						"type": "text/javascript",
						"packages": {},
						"exec": [
							""
						]
					}
				}
			]
		},
		{
			"name": "Section4",
			"item": [
				{
					"name": "myAccount",
					"request": {
						"auth": {
							"type": "basic",
							"basic": [
								{
									"key": "username",
									"value": "john@example.com",
									"type": "string"
								},
								{
									"key": "password",
									"value": "EazyBytes@12345",
									"type": "string"
								}
							]
						},
						"method": "GET",
						"header": [],
						"url": {
							"raw": "/myAccount",
							"path": [
								"myAccount"
							]
						}
					},
					"response": []
				},
				{
					"name": "myBalance",
					"request": {
						"auth": {
							"type": "basic",
							"basic": [
								{
									"key": "username",
									"value": "john@example.com",
									"type": "string"
								},
								{
									"key": "password",
									"value": "EazyBytes@12345",
									"type": "string"
								}
							]
						},
						"method": "GET",
						"header": [],
						"url": {
							"raw": "/myBalance",
							"path": [
								"myBalance"
							]
						}
					},
					"response": []
				},
				{
					"name": "myLoans",
					"request": {
						"auth": {
							"type": "basic",
							"basic": [
								{
									"key": "username",
									"value": "john@example.com",
									"type": "string"
								},
								{
									"key": "password",
									"value": "EazyBytes@12345",
									"type": "string"
								}
							]
						},
						"method": "GET",
						"header": [],
						"url": {
							"raw": "/myLoans",
							"path": [
								"myLoans"
							]
						}
					},
					"response": []
				},
				{
					"name": "myCards",
					"request": {
						"auth": {
							"type": "basic",
							"basic": [
								{
									"key": "username",
									"value": "john@example.com",
									"type": "string"
								},
								{
									"key": "password",
									"value": "EazyBytes@12345",
									"type": "string"
								}
							]
						},
						"method": "GET",
						"header": [],
						"url": {
							"raw": "/myCards",
							"path": [
								"myCards"
							]
						}
					},
					"response": []
				},
				{
					"name": "notices",
					"request": {
						"auth": {
							"type": "noauth"
						},
						"method": "GET",
						"header": [],
						"url": {
							"raw": "/notices",
							"path": [
								"notices"
							]
						}
					},
					"response": []
				},
				{
					"name": "contact",
					"request": {
						"auth": {
							"type": "noauth"
						},
						"method": "GET",
						"header": [],
						"url": {
							"raw": "/contact",
							"path": [
								"contact"
							]
						}
					},
					"response": []
				},
				{
					"name": "register",
					"request": {
						"auth": {
							"type": "noauth"
						},
						"method": "POST",
						"header": [],
						"body": {
							"mode": "raw",
							"raw": "{\n    \"email\": \"john@example.com\",\n    \"pwd\": \"EazyBytes@12345\",\n    \"role\": \"user\"\n}",
							"options": {
								"raw": {
									"language": "json"
								}
							}
						},
						"url": {
							"raw": "/register",
							"path": [
								"register"
							]
						}
					},
					"response": []
				}
			],
			"auth": {
				"type": "noauth"
			},
			"event": [
				{
					"listen": "prerequest",
					"script": {
						"type": "text/javascript",
						"packages": {},
						"exec": [
							""
						]
					}
				},
				{
					"listen": "test",
					"script": {
						"type": "text/javascript",
						"packages": {},
						"exec": [
							""
						]
					}
				}
			]
		},
		{
			"name": "Section5",
			"item": [
				{
					"name": "myAccount",
					"request": {
						"auth": {
							"type": "basic",
							"basic": [
								{
									"key": "username",
									"value": "smith@example.com",
									"type": "string"
								},
								{
									"key": "password",
									"value": "EazyBytes@12345",
									"type": "string"
								}
							]
						},
						"method": "GET",
						"header": [],
						"url": {
							"raw": "/myAccount",
							"path": [
								"myAccount"
							]
						}
					},
					"response": []
				},
				{
					"name": "myBalance",
					"request": {
						"auth": {
							"type": "basic",
							"basic": [
								{
									"key": "username",
									"value": "john@example.com",
									"type": "string"
								},
								{
									"key": "password",
									"value": "EazyBytes@12345",
									"type": "string"
								}
							]
						},
						"method": "GET",
						"header": [],
						"url": {
							"raw": "/myBalance",
							"path": [
								"myBalance"
							]
						}
					},
					"response": []
				},
				{
					"name": "myLoans",
					"request": {
						"auth": {
							"type": "basic",
							"basic": [
								{
									"key": "username",
									"value": "john@example.com",
									"type": "string"
								},
								{
									"key": "password",
									"value": "EazyBytes@12345",
									"type": "string"
								}
							]
						},
						"method": "GET",
						"header": [],
						"url": {
							"raw": "/myLoans",
							"path": [
								"myLoans"
							]
						}
					},
					"response": []
				},
				{
					"name": "myCards",
					"request": {
						"auth": {
							"type": "basic",
							"basic": [
								{
									"key": "username",
									"value": "user",
									"type": "string"
								},
								{
									"key": "password",
									"value": "EazyBytes@12345",
									"type": "string"
								}
							]
						},
						"method": "GET",
						"header": [],
						"url": {
							"raw": "/myCards",
							"path": [
								"myCards"
							]
						}
					},
					"response": []
				},
				{
					"name": "notices",
					"request": {
						"auth": {
							"type": "noauth"
						},
						"method": "GET",
						"header": [],
						"url": {
							"raw": "/notices",
							"path": [
								"notices"
							]
						}
					},
					"response": []
				},
				{
					"name": "contact",
					"request": {
						"auth": {
							"type": "noauth"
						},
						"method": "GET",
						"header": [],
						"url": {
							"raw": "/contact",
							"path": [
								"contact"
							]
						}
					},
					"response": []
				},
				{
					"name": "register",
					"request": {
						"auth": {
							"type": "noauth"
						},
						"method": "POST",
						"header": [],
						"body": {
							"mode": "raw",
							"raw": "{\n    \"email\": \"smith@example.com\",\n    \"pwd\": \"EazyBytes@12345\",\n    \"role\": \"admin\"\n}",
							"options": {
								"raw": {
									"language": "json"
								}
							}
						},
						"url": {
							"raw": "/register",
							"path": [
								"register"
							]
						}
					},
					"response": []
				}
			],
			"auth": {
				"type": "noauth"
			},
			"event": [
				{
					"listen": "prerequest",
					"script": {
						"type": "text/javascript",
						"packages": {},
						"exec": [
							""
						]
					}
				},
				{
					"listen": "test",
					"script": {
						"type": "text/javascript",
						"packages": {},
						"exec": [
							""
						]
					}
				}
			]
		},
		{
			"name": "Section6",
			"item": [
				{
					"name": "myAccount",
					"request": {
						"auth": {
							"type": "basic",
							"basic": [
								{
									"key": "password",
									"value": "EazyBytes@12345",
									"type": "string"
								},
								{
									"key": "username",
									"value": "smith@example.com",
									"type": "string"
								}
							]
						},
						"method": "GET",
						"header": [],
						"url": {
							"raw": "/myAccount",
							"path": [
								"myAccount"
							]
						}
					},
					"response": []
				},
				{
					"name": "myBalance",
					"request": {
						"auth": {
							"type": "basic",
							"basic": [
								{
									"key": "username",
									"value": "john@example.com",
									"type": "string"
								},
								{
									"key": "password",
									"value": "EazyBytes@12345",
									"type": "string"
								}
							]
						},
						"method": "GET",
						"header": [],
						"url": {
							"raw": "/myBalance",
							"path": [
								"myBalance"
							]
						}
					},
					"response": []
				},
				{
					"name": "myLoans",
					"request": {
						"auth": {
							"type": "basic",
							"basic": [
								{
									"key": "username",
									"value": "john@example.com",
									"type": "string"
								},
								{
									"key": "password",
									"value": "EazyBytes@12345",
									"type": "string"
								}
							]
						},
						"method": "GET",
						"header": [],
						"url": {
							"raw": "/myLoans",
							"path": [
								"myLoans"
							]
						}
					},
					"response": []
				},
				{
					"name": "myCards",
					"request": {
						"auth": {
							"type": "basic",
							"basic": [
								{
									"key": "username",
									"value": "user",
									"type": "string"
								},
								{
									"key": "password",
									"value": "EazyBytes@12345",
									"type": "string"
								}
							]
						},
						"method": "GET",
						"header": [],
						"url": {
							"raw": "/myCards",
							"path": [
								"myCards"
							]
						}
					},
					"response": []
				},
				{
					"name": "notices",
					"request": {
						"auth": {
							"type": "noauth"
						},
						"method": "GET",
						"header": [],
						"url": {
							"raw": "/notices",
							"path": [
								"notices"
							]
						}
					},
					"response": []
				},
				{
					"name": "contact",
					"request": {
						"auth": {
							"type": "noauth"
						},
						"method": "GET",
						"header": [],
						"url": {
							"raw": "/contact",
							"path": [
								"contact"
							]
						}
					},
					"response": []
				},
				{
					"name": "register",
					"request": {
						"auth": {
							"type": "noauth"
						},
						"method": "POST",
						"header": [],
						"body": {
							"mode": "raw",
							"raw": "{\n    \"email\": \"smith@example.com\",\n    \"pwd\": \"EazyBytes@12345\",\n    \"role\": \"admin\"\n}",
							"options": {
								"raw": {
									"language": "json"
								}
							}
						},
						"url": {
							"raw": "/register",
							"path": [
								"register"
							]
						}
					},
					"response": []
				}
			],
			"auth": {
				"type": "noauth"
			},
			"event": [
				{
					"listen": "prerequest",
					"script": {
						"type": "text/javascript",
						"packages": {},
						"exec": [
							""
						]
					}
				},
				{
					"listen": "test",
					"script": {
						"type": "text/javascript",
						"packages": {},
						"exec": [
							""
						]
					}
				}
			]
		},
		{
			"name": "Section7",
			"item": [
				{
					"name": "myAccount",
					"request": {
						"auth": {
							"type": "basic",
							"basic": [
								{
									"key": "username",
									"value": "smith@example.com",
									"type": "string"
								},
								{
									"key": "password",
									"value": "EazyBytes@12345",
									"type": "string"
								}
							]
						},
						"method": "GET",
						"header": [],
						"url": {
							"raw": "/myAccount",
							"path": [
								"myAccount"
							]
						}
					},
					"response": []
				},
				{
					"name": "myBalance",
					"request": {
						"auth": {
							"type": "basic",
							"basic": [
								{
									"key": "username",
									"value": "john@example.com",
									"type": "string"
								},
								{
									"key": "password",
									"value": "EazyBytes@12345",
									"type": "string"
								}
							]
						},
						"method": "GET",
						"header": [],
						"url": {
							"raw": "/myBalance",
							"path": [
								"myBalance"
							]
						}
					},
					"response": []
				},
				{
					"name": "myLoans",
					"request": {
						"auth": {
							"type": "basic",
							"basic": [
								{
									"key": "username",
									"value": "john@example.com",
									"type": "string"
								},
								{
									"key": "password",
									"value": "EazyBytes@12345",
									"type": "string"
								}
							]
						},
						"method": "GET",
						"header": [],
						"url": {
							"raw": "/myLoans",
							"path": [
								"myLoans"
							]
						}
					},
					"response": []
				},
				{
					"name": "myCards",
					"request": {
						"auth": {
							"type": "basic",
							"basic": [
								{
									"key": "username",
									"value": "user",
									"type": "string"
								},
								{
									"key": "password",
									"value": "EazyBytes@12345",
									"type": "string"
								}
							]
						},
						"method": "GET",
						"header": [],
						"url": {
							"raw": "/myCards",
							"path": [
								"myCards"
							]
						}
					},
					"response": []
				},
				{
					"name": "notices",
					"request": {
						"auth": {
							"type": "noauth"
						},
						"method": "GET",
						"header": [],
						"url": {
							"raw": "/notices",
							"path": [
								"notices"
							]
						}
					},
					"response": []
				},
				{
					"name": "contact",
					"request": {
						"auth": {
							"type": "noauth"
						},
						"method": "GET",
						"header": [],
						"url": {
							"raw": "/contact",
							"path": [
								"contact"
							]
						}
					},
					"response": []
				},
				{
					"name": "register",
					"request": {
						"auth": {
							"type": "noauth"
						},
						"method": "POST",
						"header": [],
						"body": {
							"mode": "raw",
							"raw": "{\n    \"email\": \"smith@example.com\",\n    \"pwd\": \"EazyBytes@12345\",\n    \"role\": \"admin\"\n}",
							"options": {
								"raw": {
									"language": "json"
								}
							}
						},
						"url": {
							"raw": "/register",
							"path": [
								"register"
							]
						}
					},
					"response": []
				}
			],
			"auth": {
				"type": "noauth"
			},
			"event": [
				{
					"listen": "prerequest",
					"script": {
						"type": "text/javascript",
						"packages": {},
						"exec": [
							""
						]
					}
				},
				{
					"listen": "test",
					"script": {
						"type": "text/javascript",
						"packages": {},
						"exec": [
							""
						]
					}
				}
			]
		},
		{
			"name": "Section8",
			"item": [
				{
					"name": "myAccount",
					"request": {
						"auth": {
							"type": "basic",
							"basic": [
								{
									"key": "username",
									"value": "smith@example.com",
									"type": "string"
								},
								{
									"key": "password",
									"value": "EazyBytes@12345",
									"type": "string"
								}
							]
						},
						"method": "GET",
						"header": [],
						"url": {
							"raw": "/myAccount?id=1",
							"path": [
								"myAccount"
							],
							"query": [
								{
									"key": "id",
									"value": "1"
								}
							]
						}
					},
					"response": []
				},
				{
					"name": "myBalance",
					"request": {
						"auth": {
							"type": "basic",
							"basic": [
								{
									"key": "username",
									"value": "john@example.com",
									"type": "string"
								},
								{
									"key": "password",
									"value": "EazyBytes@12345",
									"type": "string"
								}
							]
						},
						"method": "GET",
						"header": [],
						"url": {
							"raw": "/myBalance?id=1",
							"path": [
								"myBalance"
							],
							"query": [
								{
									"key": "id",
									"value": "1"
								}
							]
						}
					},
					"response": []
				},
				{
					"name": "myLoans",
					"request": {
						"auth": {
							"type": "basic",
							"basic": [
								{
									"key": "username",
									"value": "john@example.com",
									"type": "string"
								},
								{
									"key": "password",
									"value": "EazyBytes@12345",
									"type": "string"
								}
							]
						},
						"method": "GET",
						"header": [],
						"url": {
							"raw": "/myLoans?id=1",
							"path": [
								"myLoans"
							],
							"query": [
								{
									"key": "id",
									"value": "1"
								}
							]
						}
					},
					"response": []
				},
				{
					"name": "myCards",
					"request": {
						"auth": {
							"type": "basic",
							"basic": [
								{
									"key": "username",
									"value": "user",
									"type": "string"
								},
								{
									"key": "password",
									"value": "EazyBytes@12345",
									"type": "string"
								}
							]
						},
						"method": "GET",
						"header": [],
						"url": {
							"raw": "/myCards?id=1",
							"path": [
								"myCards"
							],
							"query": [
								{
									"key": "id",
									"value": "1"
								}
							]
						}
					},
					"response": []
				},
				{
					"name": "notices",
					"request": {
						"auth": {
							"type": "noauth"
						},
						"method": "GET",
						"header": [],
						"url": {
							"raw": "/notices",
							"path": [
								"notices"
							]
						}
					},
					"response": []
				},
				{
					"name": "contact",
					"request": {
						"auth": {
							"type": "noauth"
						},
						"method": "POST",
						"header": [
							{
								"key": "X-XSRF-TOKEN",
								"value": "505f2ca2-58f9-472c-b3dc-33d4386dd6d9"
							}
						],
						"body": {
							"mode": "raw",
							"raw": "{\n    \"contactName\": \"Madan Reddy\",\n    \"contactEmail\": \"tutor@eazybytes.com\",\n    \"subject\": \"Need a new saving account\",\n    \"message\": \"I want to open a new saving account in EazyBank\"\n}",
							"options": {
								"raw": {
									"language": "json"
								}
							}
						},
						"url": {
							"raw": "/contact",
							"path": [
								"contact"
							]
						}
					},
					"response": []
				},
				{
					"name": "register",
					"request": {
						"auth": {
							"type": "noauth"
						},
						"method": "POST",
						"header": [],
						"body": {
							"mode": "raw",
							"raw": "{\n    \"name\": \"John Doe\",\n    \"email\": \"john@example.com\",\n    \"mobileNumber\": \"4564747484\",\n    \"pwd\": \"EazyBytes@12345\",\n    \"role\": \"user\"\n}",
							"options": {
								"raw": {
									"language": "json"
								}
							}
						},
						"url": {
							"raw": "/register",
							"path": [
								"register"
							]
						}
					},
					"response": []
				},
				{
					"name": "user",
					"request": {
						"auth": {
							"type": "basic",
							"basic": [
								{
									"key": "password",
									"value": "EazyBytes@54321",
									"type": "string"
								},
								{
									"key": "username",
									"value": "happy@example.com",
									"type": "string"
								}
							]
						},
						"method": "GET",
						"header": [],
						"url": {
							"raw": "/user",
							"path": [
								"user"
							]
						}
					},
					"response": []
				}
			],
			"auth": {
				"type": "noauth"
			},
			"event": [
				{
					"listen": "prerequest",
					"script": {
						"type": "text/javascript",
						"packages": {},
						"exec": [
							""
						]
					}
				},
				{
					"listen": "test",
					"script": {
						"type": "text/javascript",
						"packages": {},
						"exec": [
							""
						]
					}
				}
			]
		},
		{
			"name": "Section9",
			"item": [
				{
					"name": "myAccount",
					"request": {
						"auth": {
							"type": "basic",
							"basic": [
								{
									"key": "username",
									"value": "happy@example.com",
									"type": "string"
								},
								{
									"key": "password",
									"value": "EazyBytes@12345",
									"type": "string"
								}
							]
						},
						"method": "GET",
						"header": [],
						"url": {
							"raw": "/myAccount?id=1",
							"path": [
								"myAccount"
							],
							"query": [
								{
									"key": "id",
									"value": "1"
								}
							]
						}
					},
					"response": []
				},
				{
					"name": "myBalance",
					"request": {
						"auth": {
							"type": "basic",
							"basic": [
								{
									"key": "username",
									"value": "happy@example.com",
									"type": "string"
								},
								{
									"key": "password",
									"value": "EazyBytes@12345",
									"type": "string"
								}
							]
						},
						"method": "GET",
						"header": [],
						"url": {
							"raw": "/myBalance?id=1",
							"path": [
								"myBalance"
							],
							"query": [
								{
									"key": "id",
									"value": "1"
								}
							]
						}
					},
					"response": []
				},
				{
					"name": "myLoans",
					"request": {
						"auth": {
							"type": "basic",
							"basic": [
								{
									"key": "username",
									"value": "happy@example.com",
									"type": "string"
								},
								{
									"key": "password",
									"value": "EazyBytes@12345",
									"type": "string"
								}
							]
						},
						"method": "GET",
						"header": [],
						"url": {
							"raw": "/myLoans?id=1",
							"path": [
								"myLoans"
							],
							"query": [
								{
									"key": "id",
									"value": "1"
								}
							]
						}
					},
					"response": []
				},
				{
					"name": "myCards",
					"request": {
						"auth": {
							"type": "basic",
							"basic": [
								{
									"key": "username",
									"value": "john@example.com",
									"type": "string"
								},
								{
									"key": "password",
									"value": "EazyBytes@12345",
									"type": "string"
								}
							]
						},
						"method": "GET",
						"header": [],
						"url": {
							"raw": "/myCards?id=1",
							"path": [
								"myCards"
							],
							"query": [
								{
									"key": "id",
									"value": "1"
								}
							]
						}
					},
					"response": []
				},
				{
					"name": "notices",
					"request": {
						"auth": {
							"type": "noauth"
						},
						"method": "GET",
						"header": [],
						"url": {
							"raw": "/notices",
							"path": [
								"notices"
							]
						}
					},
					"response": []
				},
				{
					"name": "contact",
					"request": {
						"auth": {
							"type": "basic",
							"basic": [
								{
									"key": "password",
									"value": "EazyBytes@54321",
									"type": "string"
								},
								{
									"key": "username",
									"value": "happy@example.com",
									"type": "string"
								}
							]
						},
						"method": "POST",
						"header": [
							{
								"key": "X-XSRF-TOKEN",
								"value": "505f2ca2-58f9-472c-b3dc-33d4386dd6d9"
							}
						],
						"body": {
							"mode": "raw",
							"raw": "{\n    \"contactName\": \"Madan Reddy\",\n    \"contactEmail\": \"tutor@eazybytes.com\",\n    \"subject\": \"Need a new saving account\",\n    \"message\": \"I want to open a new saving account in EazyBank\"\n}",
							"options": {
								"raw": {
									"language": "json"
								}
							}
						},
						"url": {
							"raw": "/contact",
							"path": [
								"contact"
							]
						}
					},
					"response": []
				},
				{
					"name": "register",
					"request": {
						"auth": {
							"type": "noauth"
						},
						"method": "POST",
						"header": [],
						"body": {
							"mode": "raw",
							"raw": "{\n    \"name\": \"John Doe\",\n    \"email\": \"john@example.com\",\n    \"mobileNumber\": \"4564747484\",\n    \"pwd\": \"EazyBytes@12345\",\n    \"role\": \"user\"\n}",
							"options": {
								"raw": {
									"language": "json"
								}
							}
						},
						"url": {
							"raw": "/register",
							"path": [
								"register"
							]
						}
					},
					"response": []
				},
				{
					"name": "user",
					"request": {
						"auth": {
							"type": "basic",
							"basic": [
								{
									"key": "username",
									"value": "happy@example.com",
									"type": "string"
								},
								{
									"key": "password",
									"value": "EazyBytes@54321",
									"type": "string"
								}
							]
						},
						"method": "GET",
						"header": [],
						"url": {
							"raw": "/user",
							"path": [
								"user"
							]
						}
					},
					"response": []
				}
			],
			"auth": {
				"type": "noauth"
			},
			"event": [
				{
					"listen": "prerequest",
					"script": {
						"type": "text/javascript",
						"packages": {},
						"exec": [
							""
						]
					}
				},
				{
					"listen": "test",
					"script": {
						"type": "text/javascript",
						"packages": {},
						"exec": [
							""
						]
					}
				}
			]
		},
		{
			"name": "Section_10",
			"item": [
				{
					"name": "myAccount",
					"request": {
						"auth": {
							"type": "basic",
							"basic": [
								{
									"key": "username",
									"value": "happy@example.com",
									"type": "string"
								},
								{
									"key": "password",
									"value": "EazyBytes@12345",
									"type": "string"
								}
							]
						},
						"method": "GET",
						"header": [],
						"url": {
							"raw": "/myAccount?id=1",
							"path": [
								"myAccount"
							],
							"query": [
								{
									"key": "id",
									"value": "1"
								}
							]
						}
					},
					"response": []
				},
				{
					"name": "myBalance",
					"request": {
						"auth": {
							"type": "basic",
							"basic": [
								{
									"key": "username",
									"value": "happy@example.com",
									"type": "string"
								},
								{
									"key": "password",
									"value": "EazyBytes@12345",
									"type": "string"
								}
							]
						},
						"method": "GET",
						"header": [],
						"url": {
							"raw": "/myBalance?id=1",
							"path": [
								"myBalance"
							],
							"query": [
								{
									"key": "id",
									"value": "1"
								}
							]
						}
					},
					"response": []
				},
				{
					"name": "myLoans",
					"request": {
						"auth": {
							"type": "basic",
							"basic": [
								{
									"key": "username",
									"value": "happy@example.com",
									"type": "string"
								},
								{
									"key": "password",
									"value": "EazyBytes@12345",
									"type": "string"
								}
							]
						},
						"method": "GET",
						"header": [],
						"url": {
							"raw": "/myLoans?id=1",
							"path": [
								"myLoans"
							],
							"query": [
								{
									"key": "id",
									"value": "1"
								}
							]
						}
					},
					"response": []
				},
				{
					"name": "myCards",
					"request": {
						"auth": {
							"type": "basic",
							"basic": [
								{
									"key": "username",
									"value": "john@example.com",
									"type": "string"
								},
								{
									"key": "password",
									"value": "EazyBytes@12345",
									"type": "string"
								}
							]
						},
						"method": "GET",
						"header": [],
						"url": {
							"raw": "/myCards?id=1",
							"path": [
								"myCards"
							],
							"query": [
								{
									"key": "id",
									"value": "1"
								}
							]
						}
					},
					"response": []
				},
				{
					"name": "notices",
					"request": {
						"auth": {
							"type": "noauth"
						},
						"method": "GET",
						"header": [],
						"url": {
							"raw": "/notices",
							"path": [
								"notices"
							]
						}
					},
					"response": []
				},
				{
					"name": "contact",
					"request": {
						"auth": {
							"type": "basic",
							"basic": [
								{
									"key": "password",
									"value": "EazyBytes@54321",
									"type": "string"
								},
								{
									"key": "username",
									"value": "happy@example.com",
									"type": "string"
								}
							]
						},
						"method": "POST",
						"header": [
							{
								"key": "X-XSRF-TOKEN",
								"value": "505f2ca2-58f9-472c-b3dc-33d4386dd6d9"
							}
						],
						"body": {
							"mode": "raw",
							"raw": "{\n    \"contactName\": \"Madan Reddy\",\n    \"contactEmail\": \"tutor@eazybytes.com\",\n    \"subject\": \"Need a new saving account\",\n    \"message\": \"I want to open a new saving account in EazyBank\"\n}",
							"options": {
								"raw": {
									"language": "json"
								}
							}
						},
						"url": {
							"raw": "/contact",
							"path": [
								"contact"
							]
						}
					},
					"response": []
				},
				{
					"name": "register",
					"request": {
						"auth": {
							"type": "noauth"
						},
						"method": "POST",
						"header": [],
						"body": {
							"mode": "raw",
							"raw": "{\n    \"name\": \"John Doe\",\n    \"email\": \"john@example.com\",\n    \"mobileNumber\": \"4564747484\",\n    \"pwd\": \"EazyBytes@12345\",\n    \"role\": \"user\"\n}",
							"options": {
								"raw": {
									"language": "json"
								}
							}
						},
						"url": {
							"raw": "/register",
							"path": [
								"register"
							]
						}
					},
					"response": []
				},
				{
					"name": "user",
					"request": {
						"auth": {
							"type": "basic",
							"basic": [
								{
									"key": "username",
									"value": "happy@example.com",
									"type": "string"
								},
								{
									"key": "password",
									"value": "EazyBytes@54321",
									"type": "string"
								}
							]
						},
						"method": "GET",
						"header": [],
						"url": {
							"raw": "/user",
							"path": [
								"user"
							]
						}
					},
					"response": []
				}
			],
			"auth": {
				"type": "noauth"
			},
			"event": [
				{
					"listen": "prerequest",
					"script": {
						"type": "text/javascript",
						"packages": {},
						"exec": [
							""
						]
					}
				},
				{
					"listen": "test",
					"script": {
						"type": "text/javascript",
						"packages": {},
						"exec": [
							""
						]
					}
				}
			]
		},
		{
			"name": "Section_11",
			"item": [
				{
					"name": "myAccount",
					"request": {
						"auth": {
							"type": "noauth"
						},
						"method": "GET",
						"header": [
							{
								"key": "Authorization",
								"value": "eyJhbGciOiJIUzI1NiJ9.eyJpc3MiOiJFYXp5IEJhbmsiLCJzdWIiOiJKV1QgVG9rZW4iLCJ1c2VybmFtZSI6ImhhcHB5QGV4YW1wbGUuY29tIiwiYXV0aG9yaXRpZXMiOiJST0xFX0FETUlOLFJPTEVfVVNFUiIsImlhdCI6MTcyMDE5MDgyMSwiZXhwIjoxNzIwMjIwODIxfQ.4VoI3vnT0O3PU4rjseZpwwmjrPEobzuHHOSoSpYv0WM",
								"type": "text"
							}
						],
						"url": {
							"raw": "/myAccount?id=1",
							"path": [
								"myAccount"
							],
							"query": [
								{
									"key": "id",
									"value": "1"
								}
							]
						}
					},
					"response": []
				},
				{
					"name": "myBalance",
					"request": {
						"auth": {
							"type": "noauth"
						},
						"method": "GET",
						"header": [
							{
								"key": "Authorization",
								"value": "eyJhbGciOiJIUzI1NiJ9.eyJpc3MiOiJFYXp5IEJhbmsiLCJzdWIiOiJKV1QgVG9rZW4iLCJ1c2VybmFtZSI6ImhhcHB5QGV4YW1wbGUuY29tIiwiYXV0aG9yaXRpZXMiOiJST0xFX0FETUlOLFJPTEVfVVNFUiIsImlhdCI6MTcyMDE5MDgyMSwiZXhwIjoxNzIwMjIwODIxfQ.4VoI3vnT0O3PU4rjseZpwwmjrPEobzuHHOSoSpYv0WM",
								"type": "text"
							}
						],
						"url": {
							"raw": "/myBalance?id=1",
							"path": [
								"myBalance"
							],
							"query": [
								{
									"key": "id",
									"value": "1"
								}
							]
						}
					},
					"response": []
				},
				{
					"name": "myLoans",
					"request": {
						"auth": {
							"type": "noauth"
						},
						"method": "GET",
						"header": [
							{
								"key": "Authorization",
								"value": "eyJhbGciOiJIUzI1NiJ9.eyJpc3MiOiJFYXp5IEJhbmsiLCJzdWIiOiJKV1QgVG9rZW4iLCJ1c2VybmFtZSI6ImhhcHB5QGV4YW1wbGUuY29tIiwiYXV0aG9yaXRpZXMiOiJST0xFX0FETUlOLFJPTEVfVVNFUiIsImlhdCI6MTcyMDE5MDgyMSwiZXhwIjoxNzIwMjIwODIxfQ.4VoI3vnT0O3PU4rjseZpwwmjrPEobzuHHOSoSpYv0WM",
								"type": "text"
							}
						],
						"url": {
							"raw": "/myLoans?id=1",
							"path": [
								"myLoans"
							],
							"query": [
								{
									"key": "id",
									"value": "1"
								}
							]
						}
					},
					"response": []
				},
				{
					"name": "myCards",
					"request": {
						"auth": {
							"type": "noauth"
						},
						"method": "GET",
						"header": [
							{
								"key": "Authorization",
								"value": "eyJhbGciOiJIUzI1NiJ9.eyJpc3MiOiJFYXp5IEJhbmsiLCJzdWIiOiJKV1QgVG9rZW4iLCJ1c2VybmFtZSI6ImhhcHB5QGV4YW1wbGUuY29tIiwiYXV0aG9yaXRpZXMiOiJST0xFX0FETUlOLFJPTEVfVVNFUiIsImlhdCI6MTcxODczMDUwNiwiZXhwIjoxNzE4NzYwNTA2fQ.cShQCfCjzVV4GBha4uZlChlRsE8tTjDgJ4Q8sGrhKyA",
								"type": "text"
							}
						],
						"url": {
							"raw": "/myCards?id=1",
							"path": [
								"myCards"
							],
							"query": [
								{
									"key": "id",
									"value": "1"
								}
							]
						}
					},
					"response": []
				},
				{
					"name": "notices",
					"request": {
						"auth": {
							"type": "noauth"
						},
						"method": "GET",
						"header": [],
						"url": {
							"raw": "/notices",
							"path": [
								"notices"
							]
						}
					},
					"response": []
				},
				{
					"name": "contact",
					"request": {
						"auth": {
							"type": "basic",
							"basic": [
								{
									"key": "password",
									"value": "EazyBytes@54321",
									"type": "string"
								},
								{
									"key": "username",
									"value": "happy@example.com",
									"type": "string"
								}
							]
						},
						"method": "POST",
						"header": [
							{
								"key": "X-XSRF-TOKEN",
								"value": "505f2ca2-58f9-472c-b3dc-33d4386dd6d9"
							}
						],
						"body": {
							"mode": "raw",
							"raw": "{\n    \"contactName\": \"Madan Reddy\",\n    \"contactEmail\": \"tutor@eazybytes.com\",\n    \"subject\": \"Need a new saving account\",\n    \"message\": \"I want to open a new saving account in EazyBank\"\n}",
							"options": {
								"raw": {
									"language": "json"
								}
							}
						},
						"url": {
							"raw": "/contact",
							"path": [
								"contact"
							]
						}
					},
					"response": []
				},
				{
					"name": "register",
					"request": {
						"auth": {
							"type": "noauth"
						},
						"method": "POST",
						"header": [],
						"body": {
							"mode": "raw",
							"raw": "{\n    \"name\": \"John Doe\",\n    \"email\": \"john@example.com\",\n    \"mobileNumber\": \"4564747484\",\n    \"pwd\": \"EazyBytes@12345\",\n    \"role\": \"user\"\n}",
							"options": {
								"raw": {
									"language": "json"
								}
							}
						},
						"url": {
							"raw": "/register",
							"path": [
								"register"
							]
						}
					},
					"response": []
				},
				{
					"name": "user",
					"request": {
						"auth": {
							"type": "basic",
							"basic": [
								{
									"key": "username",
									"value": "happy@example.com",
									"type": "string"
								},
								{
									"key": "password",
									"value": "EazyBytes@54321",
									"type": "string"
								}
							]
						},
						"method": "GET",
						"header": [],
						"url": {
							"raw": "/user",
							"path": [
								"user"
							]
						}
					},
					"response": []
				},
				{
					"name": "apiLogin",
					"request": {
						"auth": {
							"type": "noauth"
						},
						"method": "POST",
						"header": [],
						"body": {
							"mode": "raw",
							"raw": "{\n    \"username\": \"happy@example.com\",\n    \"password\": \"EazyBytes@54321\"\n}",
							"options": {
								"raw": {
									"language": "json"
								}
							}
						},
						"url": {
							"raw": "/apiLogin",
							"path": [
								"apiLogin"
							]
						}
					},
					"response": []
				}
			],
			"auth": {
				"type": "noauth"
			},
			"event": [
				{
					"listen": "prerequest",
					"script": {
						"type": "text/javascript",
						"packages": {},
						"exec": [
							""
						]
					}
				},
				{
					"listen": "test",
					"script": {
						"type": "text/javascript",
						"packages": {},
						"exec": [
							""
						]
					}
				}
			]
		},
		{
			"name": "Section_12",
			"item": [
				{
					"name": "myAccount",
					"request": {
						"auth": {
							"type": "noauth"
						},
						"method": "GET",
						"header": [
							{
								"key": "Authorization",
								"value": "eyJhbGciOiJIUzI1NiJ9.eyJpc3MiOiJFYXp5IEJhbmsiLCJzdWIiOiJKV1QgVG9rZW4iLCJ1c2VybmFtZSI6ImhhcHB5QGV4YW1wbGUuY29tIiwiYXV0aG9yaXRpZXMiOiJST0xFX0FETUlOLFJPTEVfVVNFUiIsImlhdCI6MTcxODczMDUwNiwiZXhwIjoxNzE4NzYwNTA2fQ.cShQCfCjzVV4GBha4uZlChlRsE8tTjDgJ4Q8sGrhKyA",
								"type": "text"
							}
						],
						"url": {
							"raw": "/myAccount?id=1",
							"path": [
								"myAccount"
							],
							"query": [
								{
									"key": "id",
									"value": "1"
								}
							]
						}
					},
					"response": []
				},
				{
					"name": "myBalance",
					"request": {
						"auth": {
							"type": "noauth"
						},
						"method": "GET",
						"header": [
							{
								"key": "Authorization",
								"value": "eyJhbGciOiJIUzI1NiJ9.eyJpc3MiOiJFYXp5IEJhbmsiLCJzdWIiOiJKV1QgVG9rZW4iLCJ1c2VybmFtZSI6ImhhcHB5QGV4YW1wbGUuY29tIiwiYXV0aG9yaXRpZXMiOiJST0xFX0FETUlOLFJPTEVfVVNFUiIsImlhdCI6MTcxODczMDUwNiwiZXhwIjoxNzE4NzYwNTA2fQ.cShQCfCjzVV4GBha4uZlChlRsE8tTjDgJ4Q8sGrhKyA",
								"type": "text"
							}
						],
						"url": {
							"raw": "/myBalance?id=1",
							"path": [
								"myBalance"
							],
							"query": [
								{
									"key": "id",
									"value": "1"
								}
							]
						}
					},
					"response": []
				},
				{
					"name": "myLoans",
					"request": {
						"auth": {
							"type": "noauth"
						},
						"method": "GET",
						"header": [
							{
								"key": "Authorization",
								"value": "eyJhbGciOiJIUzI1NiJ9.eyJpc3MiOiJFYXp5IEJhbmsiLCJzdWIiOiJKV1QgVG9rZW4iLCJ1c2VybmFtZSI6ImhhcHB5QGV4YW1wbGUuY29tIiwiYXV0aG9yaXRpZXMiOiJST0xFX0FETUlOLFJPTEVfVVNFUiIsImlhdCI6MTcxODgwNjQ0NCwiZXhwIjoxNzE4ODM2NDQ0fQ.eYmNefh26M3GtKAURjkDrGei4fs7-X6P-6jQztH1KAo",
								"type": "text"
							}
						],
						"url": {
							"raw": "/myLoans?id=1",
							"path": [
								"myLoans"
							],
							"query": [
								{
									"key": "id",
									"value": "1"
								}
							]
						}
					},
					"response": []
				},
				{
					"name": "myCards",
					"request": {
						"auth": {
							"type": "noauth"
						},
						"method": "GET",
						"header": [
							{
								"key": "Authorization",
								"value": "eyJhbGciOiJIUzI1NiJ9.eyJpc3MiOiJFYXp5IEJhbmsiLCJzdWIiOiJKV1QgVG9rZW4iLCJ1c2VybmFtZSI6ImhhcHB5QGV4YW1wbGUuY29tIiwiYXV0aG9yaXRpZXMiOiJST0xFX0FETUlOLFJPTEVfVVNFUiIsImlhdCI6MTcxODczMDUwNiwiZXhwIjoxNzE4NzYwNTA2fQ.cShQCfCjzVV4GBha4uZlChlRsE8tTjDgJ4Q8sGrhKyA",
								"type": "text"
							}
						],
						"url": {
							"raw": "/myCards?id=1",
							"path": [
								"myCards"
							],
							"query": [
								{
									"key": "id",
									"value": "1"
								}
							]
						}
					},
					"response": []
				},
				{
					"name": "notices",
					"request": {
						"auth": {
							"type": "noauth"
						},
						"method": "GET",
						"header": [],
						"url": {
							"raw": "/notices",
							"path": [
								"notices"
							]
						}
					},
					"response": []
				},
				{
					"name": "contact",
					"request": {
						"auth": {
							"type": "noauth"
						},
						"method": "POST",
						"header": [
							{
								"key": "X-XSRF-TOKEN",
								"value": "505f2ca2-58f9-472c-b3dc-33d4386dd6d9"
							}
						],
						"body": {
							"mode": "raw",
							"raw": "[\n    {\n        \"contactName\": \"Test\",\n        \"contactEmail\": \"tutor@eazybytes.com\",\n        \"subject\": \"Need a new saving account\",\n        \"message\": \"I want to open a new saving account in EazyBank\"\n    }\n]",
							"options": {
								"raw": {
									"language": "json"
								}
							}
						},
						"url": {
							"raw": "/contact",
							"path": [
								"contact"
							]
						}
					},
					"response": []
				},
				{
					"name": "register",
					"request": {
						"auth": {
							"type": "noauth"
						},
						"method": "POST",
						"header": [],
						"body": {
							"mode": "raw",
							"raw": "{\n    \"name\": \"John Doe\",\n    \"email\": \"john@example.com\",\n    \"mobileNumber\": \"4564747484\",\n    \"pwd\": \"EazyBytes@12345\",\n    \"role\": \"user\"\n}",
							"options": {
								"raw": {
									"language": "json"
								}
							}
						},
						"url": {
							"raw": "/register",
							"path": [
								"register"
							]
						}
					},
					"response": []
				},
				{
					"name": "user",
					"request": {
						"auth": {
							"type": "basic",
							"basic": [
								{
									"key": "username",
									"value": "happy@example.com",
									"type": "string"
								},
								{
									"key": "password",
									"value": "EazyBytes@54321",
									"type": "string"
								}
							]
						},
						"method": "GET",
						"header": [],
						"url": {
							"raw": "/user",
							"path": [
								"user"
							]
						}
					},
					"response": []
				},
				{
					"name": "apiLogin",
					"request": {
						"auth": {
							"type": "noauth"
						},
						"method": "POST",
						"header": [],
						"body": {
							"mode": "raw",
							"raw": "{\n    \"username\": \"happy@example.com\",\n    \"password\": \"EazyBytes@54321\"\n}",
							"options": {
								"raw": {
									"language": "json"
								}
							}
						},
						"url": {
							"raw": "/apiLogin",
							"path": [
								"apiLogin"
							]
						}
					},
					"response": []
				}
			],
			"auth": {
				"type": "noauth"
			},
			"event": [
				{
					"listen": "prerequest",
					"script": {
						"type": "text/javascript",
						"packages": {},
						"exec": [
							""
						]
					}
				},
				{
					"listen": "test",
					"script": {
						"type": "text/javascript",
						"packages": {},
						"exec": [
							""
						]
					}
				}
			]
		},
		{
			"name": "Section_15",
			"item": [
				{
					"name": "myAccount",
					"request": {
						"auth": {
							"type": "oauth2",
							"oauth2": [
								{
									"key": "client_authentication",
									"value": "body",
									"type": "string"
								},
								{
									"key": "scope",
									"value": "openid email",
									"type": "string"
								},
								{
									"key": "clientSecret",
									"value": "VxubZgAXyyTq9lGjj3qGvWNsHtE4SqTq",
									"type": "string"
								},
								{
									"key": "clientId",
									"value": "eazybankapi",
									"type": "string"
								},
								{
									"key": "accessTokenUrl",
									"value": "http://localhost:8180/realms/eazybankdev/protocol/openid-connect/token",
									"type": "string"
								},
								{
									"key": "tokenName",
									"value": "AccessToken",
									"type": "string"
								},
								{
									"key": "grant_type",
									"value": "client_credentials",
									"type": "string"
								},
								{
									"key": "state",
									"value": "2fc61105-40ba-4b5f-8983-ec764ec4e437",
									"type": "string"
								},
								{
									"key": "authUrl",
									"value": "http://localhost:9000/oauth2/authorize",
									"type": "string"
								},
								{
									"key": "useBrowser",
									"value": true,
									"type": "boolean"
								},
								{
									"key": "addTokenTo",
									"value": "header",
									"type": "string"
								}
							]
						},
						"method": "GET",
						"header": [
							{
								"key": "Authorization",
								"value": "eyJhbGciOiJIUzI1NiJ9.eyJpc3MiOiJFYXp5IEJhbmsiLCJzdWIiOiJKV1QgVG9rZW4iLCJ1c2VybmFtZSI6ImhhcHB5QGV4YW1wbGUuY29tIiwiYXV0aG9yaXRpZXMiOiJST0xFX0FETUlOLFJPTEVfVVNFUiIsImlhdCI6MTcxODczMDUwNiwiZXhwIjoxNzE4NzYwNTA2fQ.cShQCfCjzVV4GBha4uZlChlRsE8tTjDgJ4Q8sGrhKyA",
								"type": "text"
							}
						],
						"url": {
							"raw": "/myAccount?email=happy@example.com",
							"path": [
								"myAccount"
							],
							"query": [
								{
									"key": "email",
									"value": "happy@example.com"
								}
							]
						}
					},
					"response": []
				},
				{
					"name": "myBalance",
					"request": {
						"auth": {
							"type": "oauth2",
							"oauth2": [
								{
									"key": "client_authentication",
									"value": "body",
									"type": "string"
								},
								{
									"key": "scope",
									"value": "openid email",
									"type": "string"
								},
								{
									"key": "clientSecret",
									"value": "VxubZgAXyyTq9lGjj3qGvWNsHtE4SqTq",
									"type": "string"
								},
								{
									"key": "clientId",
									"value": "eazybankapi",
									"type": "string"
								},
								{
									"key": "accessTokenUrl",
									"value": "http://localhost:8180/realms/eazybankdev/protocol/openid-connect/token",
									"type": "string"
								},
								{
									"key": "tokenName",
									"value": "AccessToken",
									"type": "string"
								},
								{
									"key": "grant_type",
									"value": "client_credentials",
									"type": "string"
								},
								{
									"key": "state",
									"value": "2fc61105-40ba-4b5f-8983-ec764ec4e437",
									"type": "string"
								},
								{
									"key": "authUrl",
									"value": "http://localhost:9000/oauth2/authorize",
									"type": "string"
								},
								{
									"key": "useBrowser",
									"value": true,
									"type": "boolean"
								},
								{
									"key": "addTokenTo",
									"value": "header",
									"type": "string"
								}
							]
						},
						"method": "GET",
						"header": [
							{
								"key": "Authorization",
								"value": "eyJhbGciOiJIUzI1NiJ9.eyJpc3MiOiJFYXp5IEJhbmsiLCJzdWIiOiJKV1QgVG9rZW4iLCJ1c2VybmFtZSI6ImhhcHB5QGV4YW1wbGUuY29tIiwiYXV0aG9yaXRpZXMiOiJST0xFX0FETUlOLFJPTEVfVVNFUiIsImlhdCI6MTcxODczMDUwNiwiZXhwIjoxNzE4NzYwNTA2fQ.cShQCfCjzVV4GBha4uZlChlRsE8tTjDgJ4Q8sGrhKyA",
								"type": "text"
							}
						],
						"url": {
							"raw": "/myBalance?email=happy@example.com",
							"path": [
								"myBalance"
							],
							"query": [
								{
									"key": "email",
									"value": "happy@example.com"
								}
							]
						}
					},
					"response": []
				},
				{
					"name": "myLoans",
					"request": {
						"auth": {
							"type": "oauth2",
							"oauth2": [
								{
									"key": "client_authentication",
									"value": "body",
									"type": "string"
								},
								{
									"key": "scope",
									"value": "openid email",
									"type": "string"
								},
								{
									"key": "clientSecret",
									"value": "VxubZgAXyyTq9lGjj3qGvWNsHtE4SqTq",
									"type": "string"
								},
								{
									"key": "clientId",
									"value": "eazybankapi",
									"type": "string"
								},
								{
									"key": "accessTokenUrl",
									"value": "http://localhost:8180/realms/eazybankdev/protocol/openid-connect/token",
									"type": "string"
								},
								{
									"key": "tokenName",
									"value": "AccessToken",
									"type": "string"
								},
								{
									"key": "grant_type",
									"value": "client_credentials",
									"type": "string"
								},
								{
									"key": "state",
									"value": "2fc61105-40ba-4b5f-8983-ec764ec4e437",
									"type": "string"
								},
								{
									"key": "authUrl",
									"value": "http://localhost:9000/oauth2/authorize",
									"type": "string"
								},
								{
									"key": "useBrowser",
									"value": true,
									"type": "boolean"
								},
								{
									"key": "addTokenTo",
									"value": "header",
									"type": "string"
								}
							]
						},
						"method": "GET",
						"header": [
							{
								"key": "Authorization",
								"value": "eyJhbGciOiJIUzI1NiJ9.eyJpc3MiOiJFYXp5IEJhbmsiLCJzdWIiOiJKV1QgVG9rZW4iLCJ1c2VybmFtZSI6ImhhcHB5QGV4YW1wbGUuY29tIiwiYXV0aG9yaXRpZXMiOiJST0xFX0FETUlOLFJPTEVfVVNFUiIsImlhdCI6MTcxODgwNjQ0NCwiZXhwIjoxNzE4ODM2NDQ0fQ.eYmNefh26M3GtKAURjkDrGei4fs7-X6P-6jQztH1KAo",
								"type": "text"
							}
						],
						"url": {
							"raw": "/myLoans?email=happy@example.com",
							"path": [
								"myLoans"
							],
							"query": [
								{
									"key": "email",
									"value": "happy@example.com"
								}
							]
						}
					},
					"response": []
				},
				{
					"name": "myCards",
					"request": {
						"auth": {
							"type": "oauth2",
							"oauth2": [
								{
									"key": "scope",
									"value": "openid email",
									"type": "string"
								},
								{
									"key": "clientSecret",
									"value": "",
									"type": "string"
								},
								{
									"key": "clientId",
									"value": "eazypublicclient",
									"type": "string"
								},
								{
									"key": "challengeAlgorithm",
									"value": "S256",
									"type": "string"
								},
								{
									"key": "grant_type",
									"value": "authorization_code_with_pkce",
									"type": "string"
								},
								{
									"key": "authUrl",
									"value": "http://localhost:8180/realms/eazybankdev/protocol/openid-connect/auth",
									"type": "string"
								},
								{
									"key": "client_authentication",
									"value": "body",
									"type": "string"
								},
								{
									"key": "accessTokenUrl",
									"value": "http://localhost:8180/realms/eazybankdev/protocol/openid-connect/token",
									"type": "string"
								},
								{
									"key": "tokenName",
									"value": "AccessToken",
									"type": "string"
								},
								{
									"key": "state",
									"value": "2fc61105-40ba-4b5f-8983-ec764ec4e437",
									"type": "string"
								},
								{
									"key": "useBrowser",
									"value": true,
									"type": "boolean"
								},
								{
									"key": "addTokenTo",
									"value": "header",
									"type": "string"
								}
							]
						},
						"method": "GET",
						"header": [
							{
								"key": "Authorization",
								"value": "eyJhbGciOiJIUzI1NiJ9.eyJpc3MiOiJFYXp5IEJhbmsiLCJzdWIiOiJKV1QgVG9rZW4iLCJ1c2VybmFtZSI6ImhhcHB5QGV4YW1wbGUuY29tIiwiYXV0aG9yaXRpZXMiOiJST0xFX0FETUlOLFJPTEVfVVNFUiIsImlhdCI6MTcxODczMDUwNiwiZXhwIjoxNzE4NzYwNTA2fQ.cShQCfCjzVV4GBha4uZlChlRsE8tTjDgJ4Q8sGrhKyA",
								"type": "text"
							}
						],
						"url": {
							"raw": "/myCards?email=happy@example.com",
							"path": [
								"myCards"
							],
							"query": [
								{
									"key": "email",
									"value": "happy@example.com"
								}
							]
						}
					},
					"response": []
				},
				{
					"name": "notices",
					"request": {
						"auth": {
							"type": "noauth"
						},
						"method": "GET",
						"header": [],
						"url": {
							"raw": "/notices",
							"path": [
								"notices"
							]
						}
					},
					"response": []
				},
				{
					"name": "contact",
					"request": {
						"auth": {
							"type": "noauth"
						},
						"method": "POST",
						"header": [
							{
								"key": "X-XSRF-TOKEN",
								"value": "505f2ca2-58f9-472c-b3dc-33d4386dd6d9"
							}
						],
						"body": {
							"mode": "raw",
							"raw": "[\n    {\n        \"contactName\": \"Eazy Bytes\",\n        \"contactEmail\": \"tutor@eazybytes.com\",\n        \"subject\": \"Need a new saving account\",\n        \"message\": \"I want to open a new saving account in EazyBank\"\n    }\n]",
							"options": {
								"raw": {
									"language": "json"
								}
							}
						},
						"url": {
							"raw": "/contact",
							"path": [
								"contact"
							]
						}
					},
					"response": []
				}
			],
			"auth": {
				"type": "noauth"
			},
			"event": [
				{
					"listen": "prerequest",
					"script": {
						"type": "text/javascript",
						"packages": {},
						"exec": [
							""
						]
					}
				},
				{
					"listen": "test",
					"script": {
						"type": "text/javascript",
						"packages": {},
						"exec": [
							""
						]
					}
				}
			]
		},
		{
			"name": "Section_16",
			"item": [
				{
					"name": "myAccount",
					"request": {
						"auth": {
							"type": "oauth2",
							"oauth2": [
								{
									"key": "scope",
									"value": "openid USER ADMIN",
									"type": "string"
								},
								{
									"key": "client_authentication",
									"value": "header",
									"type": "string"
								},
								{
									"key": "clientSecret",
									"value": "VxubZgAXyyTq9lGjj3qGvWNsHtE4SqTq",
									"type": "string"
								},
								{
									"key": "tokenName",
									"value": "AccessToken",
									"type": "string"
								},
								{
									"key": "clientId",
									"value": "eazybankapi",
									"type": "string"
								},
								{
									"key": "accessTokenUrl",
									"value": "http://localhost:9000/oauth2/token",
									"type": "string"
								},
								{
									"key": "grant_type",
									"value": "client_credentials",
									"type": "string"
								},
								{
									"key": "state",
									"value": "2fc61105-40ba-4b5f-8983-ec764ec4e437",
									"type": "string"
								},
								{
									"key": "authUrl",
									"value": "http://localhost:9000/oauth2/authorize",
									"type": "string"
								},
								{
									"key": "useBrowser",
									"value": true,
									"type": "boolean"
								},
								{
									"key": "addTokenTo",
									"value": "header",
									"type": "string"
								}
							]
						},
						"method": "GET",
						"header": [
							{
								"key": "Authorization",
								"value": "eyJhbGciOiJIUzI1NiJ9.eyJpc3MiOiJFYXp5IEJhbmsiLCJzdWIiOiJKV1QgVG9rZW4iLCJ1c2VybmFtZSI6ImhhcHB5QGV4YW1wbGUuY29tIiwiYXV0aG9yaXRpZXMiOiJST0xFX0FETUlOLFJPTEVfVVNFUiIsImlhdCI6MTcxODczMDUwNiwiZXhwIjoxNzE4NzYwNTA2fQ.cShQCfCjzVV4GBha4uZlChlRsE8tTjDgJ4Q8sGrhKyA",
								"type": "text"
							}
						],
						"url": {
							"raw": "/myAccount?email=happy@example.com",
							"path": [
								"myAccount"
							],
							"query": [
								{
									"key": "email",
									"value": "happy@example.com"
								}
							]
						}
					},
					"response": []
				},
				{
					"name": "myBalance",
					"request": {
						"auth": {
							"type": "oauth2",
							"oauth2": [
								{
									"key": "scope",
									"value": "openid email",
									"type": "string"
								},
								{
									"key": "clientSecret",
									"value": "Qw3rTy6UjMnB9zXcV2pL0sKjHn5TxQqB",
									"type": "string"
								},
								{
									"key": "client_authentication",
									"value": "body",
									"type": "string"
								},
								{
									"key": "clientId",
									"value": "eazybankclient",
									"type": "string"
								},
								{
									"key": "accessTokenUrl",
									"value": "http://localhost:9000/oauth2/token",
									"type": "string"
								},
								{
									"key": "grant_type",
									"value": "authorization_code",
									"type": "string"
								},
								{
									"key": "tokenName",
									"value": "AccessToken",
									"type": "string"
								},
								{
									"key": "state",
									"value": "2fc61105-40ba-4b5f-8983-ec764ec4e437",
									"type": "string"
								},
								{
									"key": "authUrl",
									"value": "http://localhost:9000/oauth2/authorize",
									"type": "string"
								},
								{
									"key": "useBrowser",
									"value": true,
									"type": "boolean"
								},
								{
									"key": "addTokenTo",
									"value": "header",
									"type": "string"
								}
							]
						},
						"method": "GET",
						"header": [
							{
								"key": "Authorization",
								"value": "eyJhbGciOiJIUzI1NiJ9.eyJpc3MiOiJFYXp5IEJhbmsiLCJzdWIiOiJKV1QgVG9rZW4iLCJ1c2VybmFtZSI6ImhhcHB5QGV4YW1wbGUuY29tIiwiYXV0aG9yaXRpZXMiOiJST0xFX0FETUlOLFJPTEVfVVNFUiIsImlhdCI6MTcxODczMDUwNiwiZXhwIjoxNzE4NzYwNTA2fQ.cShQCfCjzVV4GBha4uZlChlRsE8tTjDgJ4Q8sGrhKyA",
								"type": "text"
							}
						],
						"url": {
							"raw": "/myBalance?email=happy@example.com",
							"path": [
								"myBalance"
							],
							"query": [
								{
									"key": "email",
									"value": "happy@example.com"
								}
							]
						}
					},
					"response": []
				},
				{
					"name": "myLoans",
					"request": {
						"auth": {
							"type": "oauth2",
							"oauth2": [
								{
									"key": "clientSecret",
									"value": "",
									"type": "string"
								},
								{
									"key": "clientId",
									"value": "eazypublicclient",
									"type": "string"
								},
								{
									"key": "accessTokenUrl",
									"value": "http://localhost:9000/oauth2/token",
									"type": "string"
								},
								{
									"key": "grant_type",
									"value": "authorization_code_with_pkce",
									"type": "string"
								},
								{
									"key": "client_authentication",
									"value": "body",
									"type": "string"
								},
								{
									"key": "scope",
									"value": "openid email",
									"type": "string"
								},
								{
									"key": "tokenName",
									"value": "AccessToken",
									"type": "string"
								},
								{
									"key": "state",
									"value": "2fc61105-40ba-4b5f-8983-ec764ec4e437",
									"type": "string"
								},
								{
									"key": "authUrl",
									"value": "http://localhost:9000/oauth2/authorize",
									"type": "string"
								},
								{
									"key": "useBrowser",
									"value": true,
									"type": "boolean"
								},
								{
									"key": "addTokenTo",
									"value": "header",
									"type": "string"
								}
							]
						},
						"method": "GET",
						"header": [
							{
								"key": "Authorization",
								"value": "eyJhbGciOiJIUzI1NiJ9.eyJpc3MiOiJFYXp5IEJhbmsiLCJzdWIiOiJKV1QgVG9rZW4iLCJ1c2VybmFtZSI6ImhhcHB5QGV4YW1wbGUuY29tIiwiYXV0aG9yaXRpZXMiOiJST0xFX0FETUlOLFJPTEVfVVNFUiIsImlhdCI6MTcxODgwNjQ0NCwiZXhwIjoxNzE4ODM2NDQ0fQ.eYmNefh26M3GtKAURjkDrGei4fs7-X6P-6jQztH1KAo",
								"type": "text"
							}
						],
						"url": {
							"raw": "/myLoans?email=happy@example.com",
							"path": [
								"myLoans"
							],
							"query": [
								{
									"key": "email",
									"value": "happy@example.com"
								}
							]
						}
					},
					"response": []
				},
				{
					"name": "myCards",
					"request": {
						"auth": {
							"type": "oauth2",
							"oauth2": [
								{
									"key": "client_authentication",
									"value": "header",
									"type": "string"
								},
								{
									"key": "scope",
									"value": "openid USER ADMIN",
									"type": "string"
								},
								{
									"key": "clientSecret",
									"value": "VxubZgAXyyTq9lGjj3qGvWNsHtE4SqTq",
									"type": "string"
								},
								{
									"key": "clientId",
									"value": "eazybankapi",
									"type": "string"
								},
								{
									"key": "accessTokenUrl",
									"value": "http://localhost:9000/oauth2/token",
									"type": "string"
								},
								{
									"key": "grant_type",
									"value": "client_credentials",
									"type": "string"
								},
								{
									"key": "challengeAlgorithm",
									"value": "S256",
									"type": "string"
								},
								{
									"key": "authUrl",
									"value": "http://localhost:8180/realms/eazybankdev/protocol/openid-connect/auth",
									"type": "string"
								},
								{
									"key": "tokenName",
									"value": "AccessToken",
									"type": "string"
								},
								{
									"key": "state",
									"value": "2fc61105-40ba-4b5f-8983-ec764ec4e437",
									"type": "string"
								},
								{
									"key": "useBrowser",
									"value": true,
									"type": "boolean"
								},
								{
									"key": "addTokenTo",
									"value": "header",
									"type": "string"
								}
							]
						},
						"method": "GET",
						"header": [
							{
								"key": "Authorization",
								"value": "eyJhbGciOiJIUzI1NiJ9.eyJpc3MiOiJFYXp5IEJhbmsiLCJzdWIiOiJKV1QgVG9rZW4iLCJ1c2VybmFtZSI6ImhhcHB5QGV4YW1wbGUuY29tIiwiYXV0aG9yaXRpZXMiOiJST0xFX0FETUlOLFJPTEVfVVNFUiIsImlhdCI6MTcxODczMDUwNiwiZXhwIjoxNzE4NzYwNTA2fQ.cShQCfCjzVV4GBha4uZlChlRsE8tTjDgJ4Q8sGrhKyA",
								"type": "text"
							}
						],
						"url": {
							"raw": "/myCards?email=happy@example.com",
							"path": [
								"myCards"
							],
							"query": [
								{
									"key": "email",
									"value": "happy@example.com"
								}
							]
						}
					},
					"response": []
				},
				{
					"name": "notices",
					"request": {
						"auth": {
							"type": "noauth"
						},
						"method": "GET",
						"header": [],
						"url": {
							"raw": "/notices",
							"path": [
								"notices"
							]
						}
					},
					"response": []
				},
				{
					"name": "contact",
					"request": {
						"auth": {
							"type": "noauth"
						},
						"method": "POST",
						"header": [
							{
								"key": "X-XSRF-TOKEN",
								"value": "505f2ca2-58f9-472c-b3dc-33d4386dd6d9"
							}
						],
						"body": {
							"mode": "raw",
							"raw": "[\n    {\n        \"contactName\": \"Eazy Bytes\",\n        \"contactEmail\": \"tutor@eazybytes.com\",\n        \"subject\": \"Need a new saving account\",\n        \"message\": \"I want to open a new saving account in EazyBank\"\n    }\n]",
							"options": {
								"raw": {
									"language": "json"
								}
							}
						},
						"url": {
							"raw": "/contact",
							"path": [
								"contact"
							]
						}
					},
					"response": []
				}
			],
			"auth": {
				"type": "noauth"
			},
			"event": [
				{
					"listen": "prerequest",
					"script": {
						"type": "text/javascript",
						"packages": {},
						"exec": [
							""
						]
					}
				},
				{
					"listen": "test",
					"script": {
						"type": "text/javascript",
						"packages": {},
						"exec": [
							""
						]
					}
				}
			]
		}
	],
	"event": [
		{
			"listen": "prerequest",
			"script": {
				"type": "text/javascript",
				"packages": {},
				"exec": [
					"pm.request.url.protocol=\"http\";",
					"pm.request.url.host=\"localhost\";",
					"pm.request.url.port=\"8080\";"
				]
			}
		},
		{
			"listen": "test",
			"script": {
				"type": "text/javascript",
				"packages": {},
				"exec": [
					""
				]
			}
		}
	],
	"variable": [
		{
			"key": "base_url",
			"value": "http://localhost:8080"
		}
	]
}